old_id,new_id
TC-LOC-CPR-201,TC-CPR-DET-001
TC-LOC-CPR-202,TC-CPR-DET-002
TC-LOC-CPR-203,TC-CPR-DET-003
TC-LOC-CPR-204,TC-CPR-DET-004
TC-LOC-CPR-205,TC-CPR-DET-005
TC-LOC-CPR-206,TC-CPR-DET-006
TC-LOC-CPR-207,TC-CPR-DET-007
TC-LOC-CPR-208,TC-CPR-DET-008
TC-LOC-CPR-209,TC-CPR-DET-009
TC-LOC-CPR-210,TC-CPR-DET-010
TC-LOC-CPR-211,TC-CPR-DET-011
TC-LOC-CPR-212,TC-CPR-DET-012
TC-LOC-CPR-213,TC-CPR-DET-013
TC-LOC-CPR-214,TC-CPR-DET-014
TC-LOC-CPR-215,TC-CPR-DET-015
TC-LOC-CPR-216,TC-CPR-DET-016
TC-LOC-CPR-217,TC-CPR-DET-017
TC-LOC-CPR-218,TC-CPR-DET-018
TC-LOC-CPR-219,TC-CPR-DET-019
TC-LOC-CPR-220,TC-CPR-DET-020
TC-LOC-CPR-301,TC-CPR-NPB-001
TC-LOC-CPR-302,TC-CPR-NPB-002
TC-LOC-CPR-303,TC-CPR-NPB-003
TC-LOC-CPR-304,TC-CPR-NPB-004
TC-LOC-CPR-305,TC-CPR-NPB-005
TC-LOC-CPR-306,TC-CPR-NPB-006
TC-LOC-CPR-307,TC-CPR-NPB-007
TC-LOC-CPR-308,TC-CPR-NPB-008
TC-LOC-CPR-309,TC-CPR-NPB-009
TC-LOC-CPR-310,TC-CPR-NPB-010
TC-LOC-CPR-311,TC-CPR-NPB-011
TC-LOC-CPR-312,TC-CPR-NPB-012
TC-LOC-CPR-313,TC-CPR-NPB-013
TC-LOC-CPR-314,TC-CPR-NPB-014
TC-LOC-CPR-315,TC-CPR-NPB-015
TC-LOC-CPR-316,TC-CPR-NPB-016
TC-LOC-CPR-317,TC-CPR-NPB-017
TC-LOC-CPR-318,TC-CPR-NPB-018
TC-LOC-CPR-319,TC-CPR-NPB-019
TC-LOC-CPR-320,TC-CPR-NPB-020
TC-LOC-CPR-321,TC-CPR-NPB-021
TC-LOC-CPR-322,TC-CPR-NPB-022
TC-LOC-CPR-323,TC-CPR-NPB-023
TC-LOC-CPR-324,TC-CPR-NPB-024
TC-LOC-CPR-325,TC-CPR-NPB-025
TC-LOC-CPR-326,TC-CPR-NPB-026
TC-LOC-CPR-327,TC-CPR-NPB-027
TC-LOC-CPR-328,TC-CPR-NPB-028
TC-LOC-CPR-329,TC-CPR-NPB-029
TC-LOC-CPR-330,TC-CPR-NPB-030
TC-LOC-CPR-501,TC-CPR-OVR-001
TC-LOC-CPR-502,TC-CPR-OVR-002
TC-LOC-CPR-503,TC-CPR-OVR-003
TC-LOC-CPR-504,TC-CPR-OVR-004
TC-LOC-CPR-505,TC-CPR-OVR-005
TC-LOC-CPR-506,TC-CPR-OVR-006
TC-LOC-CPR-507,TC-CPR-OVR-007
TC-LOC-CPR-508,TC-CPR-OVR-008
TC-LOC-CPR-509,TC-CPR-OVR-009
TC-LOC-CPR-510,TC-CPR-OVR-010
TC-LOC-CPR-511,TC-CPR-OVR-011
TC-LOC-CPR-512,TC-CPR-OVR-012
TC-LOC-CPR-513,TC-CPR-OVR-013
TC-LOC-CPR-514,TC-CPR-OVR-014
TC-LOC-CPR-515,TC-CPR-OVR-015
TC-LOC-CPR-516,TC-CPR-OVR-016
TC-LOC-CPR-517,TC-CPR-OVR-017
TC-LOC-CPR-518,TC-CPR-OVR-018
TC-LOC-CPR-519,TC-CPR-OVR-019
TC-LOC-CPR-520,TC-CPR-OVR-020
TC-LOC-CPR-521,TC-CPR-OVR-021
TC-LOC-CPR-522,TC-CPR-OVR-022
TC-LOC-CPR-523,TC-CPR-OVR-023
TC-LOC-CPR-524,TC-CPR-OVR-024
TC-LOC-CPR-525,TC-CPR-OVR-025
TC-LOC-CPR-526,TC-CPR-OVR-026
TC-LOC-CPR-527,TC-CPR-OVR-027
TC-LOC-CPR-528,TC-CPR-OVR-028
TC-LOC-CPR-001,TC-CPR-SRC-001
TC-LOC-CPR-002,TC-CPR-SRC-002
TC-LOC-CPR-003,TC-CPR-SRC-003
TC-LOC-CPR-004,TC-CPR-SRC-004
TC-LOC-CPR-005,TC-CPR-SRC-005
TC-LOC-CPR-006,TC-CPR-SRC-006
TC-LOC-CPR-007,TC-CPR-SRC-007
TC-LOC-CPR-008,TC-CPR-SRC-008
TC-LOC-CPR-009,TC-CPR-SRC-009
TC-LOC-CPR-010,TC-CPR-SRC-010
TC-LOC-CPR-011,TC-CPR-SRC-011
TC-LOC-CPR-012,TC-CPR-SRC-012
TC-LOC-CPR-013,TC-CPR-SRC-013
TC-LOC-CPR-014,TC-CPR-SRC-014
TC-LOC-CPR-015,TC-CPR-SRC-015
TC-LOC-CPR-016,TC-CPR-SRC-016
TC-LOC-CPR-017,TC-CPR-SRC-017
TC-LOC-CPR-018,TC-CPR-SRC-018
TC-LOC-CPR-019,TC-CPR-SRC-019
TC-LOC-CPR-020,TC-CPR-SRC-020
TC-LOC-CPR-021,TC-CPR-SRC-021
TC-LOC-CPR-022,TC-CPR-SRC-022
TC-LOC-CPR-023,TC-CPR-SRC-023
TC-LOC-CPR-024,TC-CPR-SRC-024
TC-LOC-CPR-025,TC-CPR-SRC-025
TC-LOC-CPR-026,TC-CPR-SRC-026
TC-LOC-CPR-027,TC-CPR-SRC-027
TC-LOC-CPR-028,TC-CPR-SRC-028
TC-LOC-CPR-029,TC-CPR-SRC-029
TC-LOC-CPR-030,TC-CPR-SRC-030
TC-LOC-CPR-101,TC-CPR-STR-001
TC-LOC-CPR-102,TC-CPR-STR-002
TC-LOC-CPR-103,TC-CPR-STR-003
TC-LOC-CPR-104,TC-CPR-STR-004
TC-LOC-CPR-105,TC-CPR-STR-005
TC-LOC-CPR-106,TC-CPR-STR-006
TC-LOC-CPR-107,TC-CPR-STR-007
TC-LOC-CPR-108,TC-CPR-STR-008
TC-LOC-CPR-109,TC-CPR-STR-009
TC-LOC-CPR-110,TC-CPR-STR-010
TC-LOC-CPR-111,TC-CPR-STR-011
TC-LOC-CPR-112,TC-CPR-STR-012
TC-LOC-CPR-113,TC-CPR-STR-013
TC-LOC-CPR-114,TC-CPR-STR-014
TC-LOC-CPR-115,TC-CPR-STR-015
TC-LOC-CPR-116,TC-CPR-STR-016
TC-LOC-CPR-117,TC-CPR-STR-017
TC-LOC-CPR-118,TC-CPR-STR-018
TC-LOC-CPR-119,TC-CPR-STR-019
TC-LOC-CPR-120,TC-CPR-STR-020
TC-LOC-CPR-121,TC-CPR-STR-021
TC-LOC-CPR-122,TC-CPR-STR-022
TC-LOC-CPR-123,TC-CPR-STR-023
TC-LOC-CPR-124,TC-CPR-STR-024
TC-LOC-CPR-125,TC-CPR-STR-025
TC-LOC-CPR-601,TC-CPR-TIO-001
TC-LOC-CPR-602,TC-CPR-TIO-002
TC-LOC-CPR-603,TC-CPR-TIO-003
TC-LOC-CPR-604,TC-CPR-TIO-004
TC-LOC-CPR-605,TC-CPR-TIO-005
TC-LOC-CPR-606,TC-CPR-TIO-006
TC-LOC-CPR-607,TC-CPR-TIO-007
TC-LOC-CPR-608,TC-CPR-TIO-008
TC-LOC-CPR-609,TC-CPR-TIO-009
TC-LOC-CPR-610,TC-CPR-TIO-010
TC-LOC-CPR-611,TC-CPR-TIO-011
TC-LOC-CPR-612,TC-CPR-TIO-012
TC-LOC-CPR-613,TC-CPR-TIO-013
TC-LOC-CPR-614,TC-CPR-TIO-014
TC-LOC-CPR-615,TC-CPR-TIO-015
TC-LOC-CPR-616,TC-CPR-TIO-016
TC-LOC-CPR-617,TC-CPR-TIO-017
TC-LOC-LI-NE-011,TC-LOC-LI-078
TC-LOC-LI-NE-012,TC-LOC-LI-079
TC-LOC-LI-NE-013,TC-LOC-LI-080
TC-LOC-LI-NE-014,TC-LOC-LI-081
TC-LOC-LI-NE-015,TC-LOC-LI-082
TC-LOC-LI-NE-016,TC-LOC-LI-083
TC-LOC-LI-NE-017,TC-LOC-LI-084
TC-LOC-LI-NE-018,TC-LOC-LI-085
TC-LOC-LI-NE-019,TC-LOC-LI-086
TC-LOC-LI-NE-020,TC-LOC-LI-087
TC-LOC-LI-NE-021,TC-LOC-LI-088
TC-LOC-LI-NE-022,TC-LOC-LI-089
TC-LOC-LI-NE-023,TC-LOC-LI-090
TC-LOC-LI-NE-024,TC-LOC-LI-091
TC-LOC-LI-NE-025,TC-LOC-LI-092
TC-LOC-LI-NE-026,TC-LOC-LI-093
TC-LOC-LI-NE-027,TC-LOC-LI-094
TC-LOC-LI-NE-028,TC-LOC-LI-095
TC-LOC-LI-NE-029,TC-LOC-LI-096
TC-LOC-LI-NE-030,TC-LOC-LI-097
TC-LOC-LI-NE-031,TC-LOC-LI-098
TC-LOC-LI-NE-032,TC-LOC-LI-099
TC-LOC-LI-NE-033,TC-LOC-LI-100
TC-LOC-LI-NE-034,TC-LOC-LI-101
TC-LOC-LI-NE-035,TC-LOC-LI-102
TC-LOC-LI-NE-036,TC-LOC-LI-103
TC-LOC-LI-NE-037,TC-LOC-LI-104
TC-LOC-LI-NE-038,TC-LOC-LI-105
TC-LOC-LI-NE-039,TC-LOC-LI-106
TC-LOC-LI-NE-040,TC-LOC-LI-107
TC-LOC-LI-NE-041,TC-LOC-LI-108
TC-LOC-LI-NE-042,TC-LOC-LI-109
TC-LOC-LI-NE-043,TC-LOC-LI-110
TC-LOC-LI-NE-044,TC-LOC-LI-111
TC-LOC-LI-NE-045,TC-LOC-LI-112
TC-LOC-LI-NE-046,TC-LOC-LI-113
TC-LOC-LI-NE-047,TC-LOC-LI-114
TC-LOC-LI-SKIP-BILLING,TC-LOC-LI-070
BUG-LOC-SHR-001,BUG-LOC-SSL-001
BUG-CPR-001,BUG-CPR-OVR-001
BUG-HIS-001,BUG-LOC-MGH-002
BUG-HIS-002,BUG-LOC-MGH-003
