"#","Bug","Steps to reproduce","What happens (bug)","What we expected to happen","Reference (for automation QA team)","Notes"
"1","Local Office ECT Settings — Benefits Multiplier silent write-failure: API returns success:true but field-level value is never persisted (Historical Subrental in same request DOES persist)","1. Navigate to /navigator/locations/1604/settings/local-office. 2. Click ECT Settings tab. 3. Confirm baseline: Benefits Multiplier = 0.0%, Historical Subrental % = 0.0%, Save buttons disabled. 4. Triple-click BM input → type 11.0% → Tab. 5. Triple-click HS input → type 8.0% → Tab. 6. Confirm Fixed Costs Save button is enabled. 7. Click Fixed Costs Save — POST to /ect-settings returns HTTP 200 + {success:true}. 8. Save button disables. 9. Switch to another tab then back — BM reverts to 0.0%, HS stays 8.0%. 10. Hard reload confirms: BM = 0.0% (UNCHANGED), HS = 8.0% (PERSISTED).","Server accepts the BM value silently (no validation error, no 4xx/5xx). Returns 200 + {success:true}. Database is NOT updated for BenefitsMultiplier. Subsequent reads return the prior value. User has no visible signal that their save did not take effect.","POST to /ect-settings with benefitMultiplier:0.11 and HTTP 200 + {success:true} must persist 0.11 to the database. After hard reload Benefits Multiplier must show 11.0%.","BUG-LOC-ECT-001","Field-isolated silent write-failure. The database row never receives the BM update despite a 200/success response. Sibling Historical Subrental % in the same request body DOES persist — proves this is BM-specific. Recommended fix: check if BenefitsMultiplier is excluded from the server-side UPDATE statement."
"2","Location Settings → Notes — Delete row UI does NOT persist deletion when textarea value is not explicitly cleared first; Save dispatches a new history row but col 69 retains the pre-delete content","1. Navigate to /navigator/locations/1604/settings/location. 2. Activate the Notes sub-tab. 3. Pre-condition: have ≥1 saved note with content. 4. Click Delete button on the row with content — row disappears from DOM, Save enables. 5. Click Save. The Save Changes alertdialog opens. 6. Click Ok. Dialog closes; Save disables; UI shows No Notes Available. 7. Switch to Location Management History tab. 8. Observe: Modified On reflects this save BUT col 69 Notes STILL contains the pre-delete content — deletion did NOT persist.","Save round-trip succeeds (new history row, Save button disables), but the persisted FormArray state on the server is unchanged from before Delete. Reloading shows deleted row(s) still present. The dirty flag fires on Delete click but FormArray value array is not updated — save dispatches the OLD payload.","Delete + Save should persist the deletion. After save completion, history col 69 should be empty (if all rows deleted) or contain only remaining rows content.","BUG-LOC-NTS-001","Confirmed reproducible. Workaround: explicitly set textarea.value to empty string + dispatch input event BEFORE clicking Delete (confirmed working 2026-05-11). Severity high: user-facing feature behaving incorrectly; user thinks they deleted a note but it persists; every Notes deletion test needs the workaround pattern."
"3","Local Office Settings — ECT Labor Cost cell silently coerces non-numeric input to 0.00 with Save enabled when user clears the cell first; data corruption risk on save","1. Navigate to /navigator/locations/1604/settings/local-office. 2. Click ECT Settings tab, scroll to Labor Cost Assumptions table. 3. Note current value in any Labor Cost cell (e.g. Audio - Operate/Show = 37.10). 4. Triple-click the cell to select all text. 5. Press Delete to clear the cell. 6. Type abc (non-numeric text). 7. Press Tab. 8. Observe: cell value silently becomes 0.00; no aria-invalid; no validation error; Save button is ENABLED. 9. Saving at this point would persist 0.00 over the user's original Labor Cost value.","Triple-click + Delete + type abc + Tab causes the Labor Cost cell to silently change to 0.00 with no aria-invalid, no validation error, Save becomes enabled. If user saves, 0.00 overwrites the original Labor Cost. Bug is asymmetric: type-without-clearing is correctly rejected; clear-then-type-non-numeric is silently coerced.","When user clears a Labor Cost cell and types non-numeric text, the field must either revert to its original value or show aria-invalid=true, and Save must stay disabled. Field must NOT silently change to 0.00 with Save enabled.","BUG-LOS-ECT-010","Severity high — data corruption risk: user loses original Labor Cost value with no visible warning. The asymmetric trigger (clear-then-type vs type-without-clearing) is non-obvious. Workaround: NEVER clear a Labor Cost cell first — always overtype the existing value (which the numeric mask correctly intercepts)."
"4","Local Office Settings — Room Active toggle click does not dirty the Angular form; Save button stays disabled; inactive toggle never persists to server (silent data loss)","1. Navigate to /navigator/locations/1604/settings/local-office (Basic Information tab). 2. Confirm a room row exists and is Active. 3. Click the Active checkmark cell for the room row — UI visibly flips from checkmark to empty (room shows Inactive). 4. Poll for Save to enable (5s timeout) — Save button stays disabled throughout. 5. Framework skips the disabled-button click. 6. Reload Basic Information. 7. Read the room row state — room is still Active (server state unchanged).","Toggle click visibly updates the UI (checkmark disappears, isRoomActive() returns false), but Angular FormGroup dirty state is not set. Save button stays disabled. Framework skips the disabled-button click. Reload restores server's previous state (Active). User perspective: the toggle appeared to work, but was never saved.","Toggling the Active/Inactive cell must mark the Angular FormGroup as dirty, enabling Save. Click Save → Save Changes dialog → confirm → POST to /local-office API → server persists inactive state → reload shows the room as Inactive.","BUG-LOC-LOS-001","Systemic issue with custom toggle cells: the Active cell toggle click handler does not wire FormGroup.markAsDirty(). Other toggle patterns that DO dirty the form suggest the team has a working pattern — just not applied here. Recommend audit of all custom toggle cells in Local Office Basic Information panel."
"5","Location Management History pagination bar collapses to compact 2-button mode after navigating back to page 1; Go to first/last buttons vanish from DOM","1. Navigate to /navigator/locations/1604/settings/location. 2. Click Location Management History tab. 3. Observe pagination bar: 4 buttons visible (Go to first/previous/next/last page) + page indicator 1 / 151. 4. Click Go to next page — table paginates to page 2; still 4 buttons visible. 5. Click Go to previous page — table returns to page 1. 6. Observe: pagination bar has collapsed to 2-button mode; Go to first page AND Go to last page buttons are removed from the DOM.","After navigating page 1 → Next → page 2 → Previous → page 1, the pagination bar re-renders in compact 2-button mode, removing Go to first/last page buttons from the DOM. Fresh tab load shows all 4 buttons correctly — only the post-navigation-back state triggers the collapse.","All 4 pagination buttons (first/previous/next/last) must remain in the DOM on every page. Only their enabled/disabled state should change. On page 1: first + previous disabled, next + last enabled.","BUG-LOC-MGH-001","Related to BUG-LS-001 (missing data-testid on pagination buttons) — both affect the shared pagination component library. Recommend Encore team investigate the pagination component CSS or conditional-render logic — likely an unintended CSS rule fires when page indicator re-renders from 2/N back to 1/N."
"6","Unknown routes under /locations/{id}/ silently redirect to /home with no 404 or error","1. Log in to Navigator Cloud at https://cloudapps-e2e.encoreglobal.com/navigator with access to location 1604. 2. In the address bar, navigate directly to https://cloudapps-e2e.encoreglobal.com/navigator/locations/1604/basic-info (paste URL, press Enter). 3. Observe: page briefly shows an alert/notice, then silently redirects to /navigator/locations/1604/home. 4. No error message, no toast, no banner — URL changes to /home and the Home dashboard renders. 5. Note: Basic Information is a TAB on /settings/location, not its own route.","Page shows a brief alert-only DOM state, then URL changes to /navigator/locations/1604/home and the Home dashboard renders. No error, no toast, no banner. Silent redirect. Behavior consistent for /basic-info and likely any unregistered route under /locations/{id}/.","Router behavior for unknown routes should be: (a) 404 page with clear messaging, OR (b) redirect to /home WITH a visible notice/toast explaining why. Silent redirect is indistinguishable from success, which is confusing for users who pasted a wrong URL.","BUG-LOC-BI-001","User-confirmed: redirect with no error when accessing location via direct URL. Basic Information is a TAB on /settings/location — /basic-info was likely never a registered route. Redirect is client-side (Angular router guard), not a server 302. Bug affects agents, automation, and users who paste direct URLs. || 2026-06-01 user re-observation: the page currently TRIES TO LOAD the route AND shows an error message — this may differ from the originally-filed silent-redirect-to-/home (no-error) behaviour; re-verify current behaviour on e2e + nav2."
"7","Enable Multiday Pricing toggle on Local Information tab produces NO Location Management History row","1. Navigate to /navigator/locations/1604/settings/location (Local Information tab). 2. Toggle the Enable Multiday Pricing checkbox. 3. Click Save, confirm Save Changes dialog, wait for save to persist. 4. Click Location Management History tab. 5. Sort by Modified On descending. 6. Observe top rows: the EnableMultidayPricing toggle change has NO corresponding history row in any of the 87 columns. 7. Compare: saving any OTHER Local Information field (e.g., Calculate LDW) DOES produce a history row.","Enable Multiday Pricing save completes successfully (API returns 200, toggle persists after reload) but NO Location Management History row is created. No column in the 87-column schema carries the EnableMultidayPricing value. Users have no audit record of who changed multiday pricing or when.","Saving a change to Enable Multiday Pricing should produce a Location Management History row with Modified By/On populated and the new boolean reflected in a dedicated column — similar to Calculate LDW at col 22, Enable IDC Billing at col 30.","BUG-HIS-001","Similar audit-trail gaps exist for Merchant currency (BUG-HIS-002) and Auto Add-On checkboxes. Recommend Encore team audit the server-side save handler that writes Location Management History rows — the exclusion list likely omits modern toggles added after the initial 87-column schema was fixed."
"8","Merchant currency selection change on Currency tab produces NO Location Management History row","1. Navigate to /navigator/locations/1604/settings/location. 2. Click Currency tab. 3. Locate the Merchant Currency dropdown and change its value. 4. Click Save, confirm Save Changes dialog, wait for save to persist. 5. Click Location Management History tab. 6. Sort by Modified On descending. 7. Observe: the Merchant Currency change has NO corresponding history row. No column among the 87 carries the merchant currency value. Compare: any OTHER Currency-tab field save DOES produce a history row.","Merchant currency save completes successfully (API returns 200, dropdown persists after reload) but NO Location Management History row is created for the merchant-currency change. Audit-trail has no record of who changed merchant currency or when.","Saving a change to Merchant Currency dropdown on Currency tab should produce a Location Management History row reflecting the new merchant currency, following the same pattern as the two existing Currency columns (col 6 and col 64) that track pricing-side currency values.","BUG-HIS-002","Pairs with BUG-HIS-001 (EnableMultidayPricing) and Auto Add-On audit-trail gap. Same recommendation: Encore team should audit the server-side save handler exclusion list for Location Management History writes. Multiple tabs' modern fields have silently slipped out of audit coverage."
"9","Local Office Settings — ECT Tab Commission structure link href is broken: typo commissons, cross-domain (navigator.psav.com vs cloudapps-e2e.encoreglobal.com), stray :1604/ colon","1. Navigate to /navigator/locations/1604/settings/local-office. 2. Click the ECT Settings tab. 3. Locate the Edit/View : Commission structure link in the tab content. 4. Inspect the href attribute of the link element via DOM. 5. Observed href: https://navigator.psav.com/#/commissons/commissionstier/:1604/ — three defects: (1) typo commissons (missing i, should be commissions), (2) cross-domain (navigator.psav.com vs cloudapps-e2e.encoreglobal.com), (3) stray colon prefix on the office id segment (:1604/).","The href attribute is https://navigator.psav.com/#/commissons/commissionstier/:1604/ — typo commissons, different domain, and stray :1604/ colon. The link is rendered and clickable but its destination is broken.","The Commission structure link href should route to a working page on the current Encore domain (cloudapps-e2e.encoreglobal.com) with the path correctly spelled commissions and an office-id segment without a stray colon prefix.","BUG-LOS-ECT-001","Bug filing on href-pattern evidence (DOM-verified). Click outcome not verified during audit per external-URL safety policy. Three independent defects in the link href suggest this is a stale link never updated to the current Encore Navigator URL scheme. Severity medium: user-facing broken navigation but no data-loss."
"10","Missing data-testid on shared UI components: pagination, sort menus, dialogs","1. Navigate to /navigator/locations/1604/settings/location. 2. Click Location Management History tab. 3. Run: document.querySelectorAll('[data-testid]') inside the history tab content — only 2 testids exist out of 20+ interactive elements. 4. Pagination buttons (Go to first/previous/next/last page) — data-testid=null on all. 5. Rows-per-page combobox — data-testid=null. 6. Click sortable column header → sort menu appears — data-testid=null on menu and items. 7. Trigger Unsaved Changes alertdialog — data-testid=null on dialog and all buttons. 8. Trigger Save Changes alertdialog — data-testid=null on dialog and buttons.","All shared UI components (pagination, sort menus, dialogs and their buttons) render with role and aria-label attributes only. No data-testid exists on any of them. Tests must use fragile selectors that break on text changes, i18n, or DOM restructuring.","All interactive shared UI components should have stable data-testid attributes. Suggested patterns: pagination-btn-first/previous/next/last, sort-menu, sort-menu-item-ascending/descending, dialog-save-changes-btn-ok/cancel, dialog-unsaved-changes-btn-stay/discard.","BUG-LS-001","Systematic gap in the Encore shared component library (Radix UI wrappers). Tab components and form checkboxes have consistent data-testid naming. Pagination, sort, and dialog components do not. Likely a different team/library owns these shared components."
"11","Location Settings → Auto Add-On — Unsaved Changes dialog Discard button dismisses dialog but does NOT complete the deferred navigation; user stays on /settings/location instead of navigating to /home","1. Navigate to /navigator/locations/1604/settings/location. 2. Switch to the Auto Add-On sub-tab. 3. Toggle the Express Content Design Session checkbox — confirm Save button enables (form dirty). 4. Click the sidebar Home link. 5. Observe: Unsaved Changes alertdialog appears. 6. Click the Discard button. 7. Observe: dialog dismisses but URL remains at /settings/location. 8. After 10 seconds the URL has NOT changed to /home. Expected: URL transitions to /locations/1604/home within 1-2 seconds.","The Discard button click dismisses the dialog but leaves the user on the original /settings/location URL. No navigation occurs to /home. The dirty checkbox change remains in the UI. User is left in ambiguous state — dialog gone, dirty form preserved, no navigation. Confirmed on 2026-05-11 full-suite + 2026-05-12 fresh re-run (both attempts failed consistently).","Clicking Discard should (1) dismiss the dialog AND (2) complete the originally-attempted navigation that triggered the dialog (sidebar Home click → /home).","BUG-LOC-AAO-001","Severity high: breaks documented routing-guard flow; failure mode is user-confusing (dialog closes, nothing happens, dirty form preserved); confirmed on two consecutive Playwright runs 2026-05-11 and 2026-05-12. No data corruption — pending changes are preserved. Workaround: after clicking Discard, click sidebar Home a second time."
"12","Local Office Settings — Basic Information → Return Date Offset: clearing field + save + reload now leaves the value empty instead of coercing back to default 1 (behavior change from 2026-05-08 baseline)","1. Navigate to /navigator/locations/1604/settings/local-office. 2. Locate the Return Date Offset input (currently shows 1). 3. Clear the input completely, then Tab away. 4. Confirm Save button enables (form dirty). 5. Click Save → confirm Save Changes dialog. 6. Wait for save success toast. 7. Reload the Basic Information tab (navigate fresh to the local-office URL). 8. Read the Return Date Offset value. 9. Observe: value is empty string. Expected (per 2026-05-08 baseline): value is 1.","After clearing Return Date Offset, saving, and reloading, the field is now empty instead of being re-populated with the default 1. Behavior was live-MCP-verified working on 2026-05-08; broken on 2026-05-13 + 2026-05-14. Confirmed deterministic: Expected 1 / Received (empty) on both attempt 0 and retry 1.","Per the 2026-05-08 live verification cited in TC-LOS-BAS-065 (lines 882-883), the app should coerce a saved empty Return Date Offset back to the default 1 on the next reload. Clearing and saving is equivalent to resetting to the default.","BUG-LOS-BAS-065","Severity low: no data loss — user intent to clear the field is preserved as empty. Bug exists primarily as a TEST CONTRACT BREAK. Encore disposition needed (see Q-NEW-1 below): is removal of empty→1 coercion intentional (store-as-typed) or a regression? Recommended: review recent changes to local-office form serializer or server-side date-offset field coercion."
"13","Location Settings → Shared Setup Locations — Change Local Office dialog and per-row Delete behave incorrectly after add+save+reload (umbrella)","1. Open /navigator/locations/1604/settings/location → Shared Setup Locations. 2. Add a location, Save, reload. 3a. Click a row Delete — it does not respond. 3b. Reopen the Add dialog and search the just-added number — it still appears instead of being hidden. 3c. Search 1233 — a phantom empty row appears (Miami-region offices excluded from the lookup). 3d. Toggle Shares Inventory back to original on an added row — Save stays enabled at net-zero.","Per-row Delete clicks no-op after reload; the dialog does not exclude already-added locations and drops Miami-region offices; net-zero edits leave the form dirty.","Per-row Delete works after reload; the dialog excludes already-added locations and includes valid offices; reverting to original disables Save.","BUG-LOC-SHR-001 (referenced in tests; no JSON file yet)","Blocks 9 tests: TC-LOC-SSL-007/026/030/031/032/041/042/043/044. User-verified 2026-05-22; related baseline divergence SHR-DIV-006. TC-LOC-SSL-024 (already-added exclusion) is the same dialog area and currently fails live."
"14","Location Settings → Pricing — several fields do not persist after save; one save path returns HTTP 500","1. Open /navigator/locations/1604/settings/location → Pricing. 2. Change a pricing dropdown and Save, then reload. 3. Set a valid date and Save, then reload. 4. Uncheck Corporate Pricing and Save, then reload.","Pricing dropdowns: POST update-location-pricing returns HTTP 500 and the value reverts. Dates do not persist after save+reload. Corporate Pricing uncheck reverts to checked on reload although save returns 200.","Saved dropdowns, dates, and the Corporate Pricing checkbox persist after reload.","potential product bug — no ID/file yet","Blocks 7 tests: TC-LOC-PRI-020/025/026/027/028/029/030. Note: our save helper currently stops listening before the slow 500 returns (an our-side hardening item), but the 500 is the underlying blocker."
"15","Location Settings → Account & Address — clearing optional Phone 2 is not saved; the prior value returns on reload","1. Open /navigator/locations/1604/settings/location → Account & Address. 2. Clear the Phone 2 field. 3. Save (it enables and reports success). 4. Reload — Phone 2 shows the prior value again.","Clearing Phone 2 and saving reports success, but the empty value is not persisted; the old value reappears on reload.","Clearing an optional field and saving persists empty; after reload Phone 2 is empty.","BUG-LOC-ACC-001","Filed at reports/bugs/BUG-LOC-ACC-001.json. Blocks TC-LOC-ACC-029. New-site-only surface (no old-site equivalent). A manual human clear reproduces it; an automated clear may not dirty the masked input."
"16","Location Settings → Notes — the Delete control disappears when a single empty row remains, so the row cannot be removed","1. Open /navigator/locations/1604/settings/location → Notes. 2. With one note row, clear its textarea. 3. The row Delete button is no longer present in the page. 4. The empty row cannot be deleted.","After clearing the only row text, the Delete button vanishes from the DOM; the row cannot be removed.","Delete stays available on the single remaining row; clicking it removes the row and the empty state persists after save+reload.","BUG-LOC-NTS-004","Filed at reports/bugs/BUG-LOC-NTS-004.json. Blocks TC-LOC-NTS-062. New-site-only multi-row Notes form-array (the old site is a single textarea with no rows/delete)."
"","","","","","",""
"--- QUESTIONS FOR ENCORE (11 items requiring product-team input) ---","","","","","",""
"#","Question","Context (tied to)","Why we can't answer ourselves","Status / disposition (user 2026-06-01)","",""
"Q1","Is the ""Ok"" label on the Notes save-confirmation dialog intentional UX, or a regression?","CAT2-03 (BUG-LOC-NTS-002)","We can't read product-team intent","ANSWERED — close. Intentional: per user 2026-06-01 the Ok button is now the confirm label on ALL save dialogs app-wide, not just Notes.","",""
"Q2","Is the auto-spawned empty Notes row a ""ready-to-add-next"" affordance, or a FormArray default-state bug?","CAT2-04 (BUG-LOC-NTS-003)","Product design intent","VERIFY on e2e + nav2 (user flagged 2026-06-01).","",""
"Q3","Is the absence of phone-format validation on Phone 1 intentional?","CAT2-05 (BUG-LOS-BAS-016)","REQUIREMENTS.md silent — needs product-side confirmation","VERIFY on e2e + nav2 (user 2026-06-01).","",""
"Q4","Is ""Use Equipment QC"" disabled on office 1604 by role/feature-flag, or globally?","CAT1-02 (LO-001)","Role/permission matrix is Encore-side","VERIFY on e2e + nav2 — per user 2026-06-01, Use Equipment QC becomes checkable only when the Use Fulfillment checkbox is ON; verify with Use Fulfillment ON.","",""
"Q5","Is ""Marriott PMS Account Enabled"" column hidden when office isn't a Marriott PMS office, or is it a legacy orphan?","CAT1-03 (LO-002)","Office-type metadata is Encore-side","VERIFY nav2 baseline FIRST — per user 2026-06-01 nothing like this shows on e2e; confirm what the column is on baseline before judging.","",""
"Q6","Is the ""Notes"" textarea on LO Basic Info hidden per office, or removed from UI but column kept for legacy data?","CAT1-04 (LO-003)","Per-office UI rules are Encore-side","PREMISE UNCONFIRMED — per user 2026-06-01 there is NO Notes field in Local Office Basic Info; confirm on nav2 baseline before treating as a valid question.","",""
"Q7","What is the desired behavior for unknown routes under /locations/{id}/? Silent redirect / 404 / Toast?","Cat 3 #6 (BUG-LOC-BI-001)","Product intent on router behavior","RECLASSIFIED to BUG (report) — per user 2026-06-01 the bad URL currently tries to LOAD the page AND shows an error message; see BUG-LOC-BI-001 (may differ from the filed silent-redirect behaviour — re-verify).","",""
"Q8","Should ""Commission structure"" link be fixed (URL corrected) or removed entirely? Is the commission feature still in scope for current Encore Navigator?","Cat 3 #9 (BUG-LOS-ECT-001)","Product scope decision","RECLASSIFIED to BUG (report) — confirmed by user 2026-06-01; see BUG-LOS-ECT-001.","",""
"Q9","Should EnableMultidayPricing + Merchant Currency be tracked in Location Management History? Currently absent on BOTH new and old sites (feature gap, not regression).","Cat 3 #7+#8 (BUG-HIS-001/002)","Product roadmap decision","ASK Encore — keep as a question; also verify presence/absence in Location Management History on e2e + nav2 (user 2026-06-01).","",""
"Q-NEW-1","Is the removal of empty→1 coercion on Return Date Offset (LOS Basic Info) intentional (""store as typed"" semantics) or a regression of a documented UX affordance? Behavior was live-MCP-verified working on 2026-05-08; broken on 2026-05-13 + 2026-05-14.","Cat 3 #12 (BUG-LOS-BAS-065)","Product intent on coercion vs preserve-user-input semantics","POTENTIAL BUG + baseline check — per user 2026-06-01 clearing the field leaves it empty on e2e; ask Encore and confirm old-site coercion on nav2.","",""
"Q-NEW-2","Should the Change Local Office dialog hide locations that are already added? Today an already-added location still appears in the dialog. (Also: is excluding Miami-region offices from the lookup intended?)","TC-LOC-SSL-024 + BUG-LOC-SHR-001","Product/UX intent on dialog filtering — treated as a UX improvement, not a hard defect","POTENTIAL BUG — ask Encore (user 2026-06-01).","",""
"","","","","","",""
"--- TEST RUN FINDINGS (2026-06-01 — 2 clean full runs, 1 worker, 369 functional tests) ---","","","","","",""
"#","Item","Detail","Status","Reference","",""
"F1","Run summary","369 functional tests: 328 passed first try in both runs; 4 fail every run; 15 flaky (pass on retry); 22 skipped (intentional). Auth and full-suite completion verified on both runs.","stable","2 clean runs 2026-06-01","",""
"F2","Test fix (our side) — TC-LOC-SSL-035","Clear-search restore bound lowered 3000 → 2000; the dialog renders a stable ~2653-row ceiling so the old bound was unreachable. Documented in code; not re-run per request.","fixed (our side)","SEARCH_BULK_LOWER_BOUND","",""
"F3","Test items (our side) — TC-LOS-HIS-006, TC-LOC-MGH-015","The read-only check counts the paginator page-number input as editable; the history data itself is read-only. Set to fixme, deferred to the History cases rework.","deferred (our side)","HIST rework","",""
"F4","Skipped — blocked by product issues (20 tests)","SSL family 9 (BUG-LOC-SHR-001); Pricing 7 (potential pricing bug); ACC-029 (BUG-LOC-ACC-001); NTS-062 (BUG-LOC-NTS-004); LOS-BAS-048 (BUG-LOC-LOS-001); MGH-019 (BUG-LOC-MGH-001).","waiting on Encore","see bug rows above","",""
"F5","Skipped — data prerequisite (2 tests)","TC-LOC-MGH-006 and TC-LOC-MGH-007 need a location with <=20 / 0 history rows; office 1604 has 2900+. Not a product issue; needs a test fixture.","our side (fixture)","TC-LOC-MGH-006/007","",""
"F6","Flaky — pass on retry (15 tests)","Notes form-array: NTS-028/031/032/039/046/047/059. Account List dialog: ACC-004/030/020. Save/dirty races: LI-021-029, CUR-021, BAS-006, BAS-065, MGH-008. Timing/Radix; self-recover on retry.","monitoring (our side)","—","",""
"F7","Verification protocol (user 2026-06-01)","Every open item is verified on BOTH e2e (live) AND nav2 (baseline); the baseline is confirmed even if its behaviour has changed/expired. This session reconciliation: 20 unique items need both-site verification = 40 checks — 11 bugs + 3 potential bugs + 6 questions. Excluded: Q1 (resolved — Ok button intentional app-wide) and BUG-LS-001 (nav2 has no data-testids, nothing to compare).","plan","this session","",""
